0x0,"[0, 63]"
0x102,"[56, 63]"
0x104,"[0, 12, 14, 63]"
0x105,"[8, 11, 16, 63]"
0x122,"[10, 10, 24, 63]"
0x12c,"[0, 3, 8, 19, 21, 63]"
0x12d,"[8, 11, 16, 63]"
0x12e,"[0, 2, 4, 63]"
0x190,"[8, 11, 48, 48]"
0x195,"[8, 11, 32, 63]"
0x280,"[8, 11]"
0x283,"[8, 11, 16, 63]"
0x285,"[8, 10, 48, 51, 56, 63]"
0x90,"[8, 11]"
0x91,"[8, 11, 40, 63]"
0x92,"[8, 11, 24, 30, 40, 46, 48, 50, 56, 62]"
0x93,"[8, 11, 24, 30, 40, 46, 56, 61]"
0x94,"[32, 63]"
0x95,"[16, 63]"
0x96,"[8, 11]"
0xa0,"[10, 10, 44, 44]"
0xa1,"[24, 40, 44, 44]"
0xb0,"[8, 11]"
0xb1,"[8, 11, 56, 59]"
0xb2,"[24, 25, 37, 42]"
0xf0,"[16, 63]"
0xf5,"[8, 11, 48, 63]"
